epoch,train_loss,val_loss,sav_version
0,0.8291526759896323,0.8163623859484991,1
1,0.7843003451267135,0.7413763999938965,2
