epoch,train_loss,val_loss,sav_version
0,0.8158388281426234,0.774028197715157,1
