epoch,train_loss,val_loss,sav_version
0,0.8444090843200683,0.8163507781530681,1
1,0.7726058429444742,0.7646946455302991,2
2,0.7558766896961725,0.752493699600822,3
3,0.7507148013477437,0.7508378129256399,4
4,0.7463404103329307,0.7553399098546881,4
5,0.7466002886755425,0.7449807938776518,5
6,0.7435148476160061,0.7456690712978965,5
7,0.7411044786548057,0.736923160678462,6
