epoch,train_loss,val_loss,sav_version
0,0.8162382982627691,0.7771558171824405,1
