epoch,train_loss,val_loss,sav_version
0,0.8383159426220677,0.7907678440997475,1
1,0.7675517635038721,0.7499987125396729,2
2,0.7553379761545281,0.7571511507034302,2
3,0.7523049500950596,0.7479070330920973,3
4,0.7467800864002161,0.7462165217650564,4
5,0.7454952005754437,0.7480067309580352,4
6,0.7417881573152821,0.7421310838900115,5
7,0.7421017091873794,0.7421192275850397,6
