epoch,train_loss,val_loss,sav_version
0,0.8193423358320493,0.7811355076338116,1
