epoch,train_loss,val_loss,sav_version
0,0.8367390857105367,0.7973493638791536,1
1,0.766682689859156,0.7561589134366888,2
2,0.7561806680863363,0.7530015230178833,3
3,0.7506557524552819,0.7514286411435981,4
4,0.7472633579321075,0.7573519750645287,4
5,0.7458614768340573,0.739999719042527,5
6,0.743060302734375,0.7436166029227408,5
