epoch,train_loss,val_loss,sav_version
0,0.8484452443513256,0.8262672869782699,1
