epoch,train_loss,val_loss,sav_version
0,0.8424811779407033,0.8175676697178891,1
1,0.7807342516748529,0.772981511919122,2
2,0.7651904049672579,0.7615141153335572,3
3,0.7588258700761181,0.7601748234347293,4
4,0.754075697221254,0.7535948627873471,5
5,0.7519694684541713,0.7495806813240051,6
6,0.7504515502187941,0.7504848197886819,6
