epoch,train_loss,val_loss,sav_version
0,0.8474303330773505,0.8308597008387247,1
