epoch,train_loss,val_loss,sav_version
0,0.8441111261384528,0.8068622745965657,1
