epoch,train_loss,val_loss,sav_version
0,0.8459797370656629,0.8355710258086523,1
