epoch,train_loss,val_loss,sav_version
0,0.8407320021885878,0.7991572806709691,1
1,0.7754538607876204,0.773722998092049,2
2,0.7640259391383121,0.7626965409830997,3
3,0.7608962634850663,0.756306433050256,4
4,0.7542387744836639,0.7553266550365247,5
5,0.7543635238680924,0.7545893556193302,6
6,0.7510629715278134,0.7549019675505789,6
