epoch,train_loss,val_loss,sav_version
0,0.8480983362576672,0.8355717547237873,1
