epoch,train_loss,val_loss,sav_version
0,0.8472296578842297,0.8210249687495984,1
