epoch,train_loss,val_loss,sav_version
0,0.8413967925902696,0.8046241879463196,1
1,0.7759552825961197,0.7678444303964314,2
2,0.7639087798999764,0.7603158480242679,3
3,0.7587632136038173,0.7611187395296599,3
4,0.7558427474652117,0.7535756606804697,4
5,0.7534072822297526,0.755760481483058,4
6,0.7504522223918758,0.7484152674674988,5
