epoch,train_loss,val_loss,sav_version
0,0.8221691501474826,0.7853759527206421,1
