epoch,train_loss,val_loss,sav_version
0,0.8274432106324804,0.7631626863228648,1
1,0.7464758584373876,0.7377128902234529,2
2,0.7379685510668839,0.7299473593109532,3
3,0.7308662988986189,0.7254854691656012,4
4,0.7277558005344101,0.7268922981462981,4
5,0.7244542267587449,0.7212738212786223,5
6,0.7227649918773718,0.7238195958890413,5
