epoch,train_loss,val_loss,sav_version
0,0.842045260784782,0.8300188792248567,1
