epoch,train_loss,val_loss,sav_version
0,0.8416373015844334,0.7827404706101668,1
