epoch,train_loss,val_loss,sav_version
0,0.84261829273723,0.8258940254648527,1
