epoch,train_loss,val_loss,sav_version
0,0.8488498901066027,0.8125748784918534,1
