epoch,train_loss,val_loss,sav_version
0,0.8420638027035188,0.8268876820802689,1
