epoch,train_loss,val_loss,sav_version
0,0.8144684652836002,0.7643742454679389,1
1,0.7425096372414751,0.7353869563654849,2
2,0.7320665931143956,0.7282025738766319,3
3,0.728288483759116,0.7308923206831279,3
4,0.7229590372732508,0.7215332489264639,4
5,0.7193786971750316,0.7171749754955894,5
6,0.7181705297085277,0.7159769629177294,6
