epoch,train_loss,val_loss,sav_version
0,0.8259490502508063,0.7739499029360319,1
