epoch,train_loss,val_loss,sav_version
0,0.8160518082261783,0.7692804518498872,1
1,0.7428920112158123,0.7397643804550171,2
2,0.731677412429051,0.7295436601889761,3
3,0.7277508196774979,0.7249231275759245,4
4,0.7245553708215903,0.7227749535911961,5
5,0.7225602860339204,0.7199101479429948,6
6,0.7184802040719149,0.7139061356845655,7
7,0.7175803858634324,0.7164487882664329,7
