epoch,train_loss,val_loss,sav_version
0,0.8303909671236898,0.7771154340944793,1
