epoch,train_loss,val_loss,sav_version
0,0.8329933518554732,0.8007144526431434,1
