epoch,train_loss,val_loss,sav_version
0,0.8152815967972515,0.7631395333691647,1
1,0.7434280264447307,0.7347288696389449,2
2,0.7318690797738862,0.7385905617161801,2
3,0.7265708960984882,0.7252964891885456,3
4,0.7227571829717759,0.7201490195173966,4
5,0.7182373381497568,0.7193967166699862,5
6,0.7166762916665328,0.7218552965866892,5
